deal_id,company,segment,stage,value_eur,probability,champion_present,blocker,last_touch_date,created
yec001,Genco Oy,analytics,closed_lost,35000,20,false,demo_readiness,2025-10-16,2025-03-07
yec002,Pied OÜ,consultancy,closed_lost,22500,40,true,budget,2026-01-19,2025-12-07
yec003,Vertex OÜ,other,closed_lost,60000,70,false,no_champion,2026-03-01,2025-12-13
yec004,Vertex OÜ,other,closed_lost,22500,50,true,timing_mismatch,2026-01-29,2025-11-07
yec005,Nimbus GmbH,erp,closed_lost,80000,70,true,none,2025-09-22,2025-01-31
yec007,Pied OÜ,consultancy,closed_lost,80000,60,false,no_champion,2025-11-11,2025-07-17
yec008,Nimbus GmbH,erp,closed_lost,22500,30,false,no_champion,2026-01-06,2025-11-27
yec010,Rekall Oy,consultancy,closed_lost,45000,20,true,no_champion,2025-08-05,2024-11-13
yec006,Genco Oy,analytics,closed_won,15000,60,true,budget,2025-12-16,2025-03-14
yec009,Rekall Oy,consultancy,closed_won,22500,40,false,none,2025-10-08,2024-12-15
ye003,Pied OÜ,consultancy,demo,35000,40,false,timing_mismatch,2026-05-09,2025-07-22
ye004,Vertex OÜ,other,demo,15000,40,true,budget,2026-05-07,2026-04-10
ye001,Nimbus GmbH,erp,lead,45000,60,false,none,2026-05-04,2026-01-23
ye002,Nimbus GmbH,erp,negotiation,15000,70,true,none,2026-05-11,2025-09-14
