post_id,material_id,channel_id,status,posted_at,tone,format,link_placement,reach_or_views,upvotes,trials,outcome
yp0012,ym007,yk01,posted,2026-02-16,narrate,link,n_a,57,0,0,modest
yp0010,ym007,yk05,posted,2026-03-06,builder,link,n_a,205,3,0,modest
yp0009,ym004,yk03,posted,2026-04-21,explainer,text,n_a,174,2,0,flop
yp0011,ym002,yk05,posted,2026-04-21,narrate,link,n_a,330,4,0,win
yp0003,ym001,yk01,posted,2026-04-26,announce,show-hn,n_a,20,0,0,flop
yp0002,ym002,yk03,posted,2026-04-27,builder,text,n_a,470,6,0,modest
yp0001,ym003,yk02,posted,2026-05-25,explainer,link,n_a,619,10,0,modest
yp0005,ym004,yk05,posted,2026-05-28,explainer,demo-link,n_a,161,2,0,modest
yp0004,ym003,yk01,no_go,,narrate,link,n_a,,,,
yp0006,ym007,yk02,planned,,explainer,text,n_a,,,,
yp0007,ym007,yk02,go,,announce,link,n_a,,,,
yp0008,ym008,yk01,planned,,narrate,link,n_a,,,,
