todo_id,area,title,detail,action_type,slot,linked_id,linked_type,stakeholder_id,role,owner,status,priority,due_date,window,prep_status,slipped
yd001,marketing,Repurpose customer-proof for LinkedIn,,post,09:00,,asset,,,,prog,1,2026-06-16,mon_0800,ready,
yd002,rnd,Schema migration tooling,,research,,,workstream,,,,prog,2,,,in_progress,
yd006,rnd,Rep2 stabilization,,research,,,workstream,,,,prog,2,,,in_progress,
yd004,rnd,pg_infer extension,,research,,,workstream,,,,blocked,3,,,in_progress,
yd005,sales,Send pricing context to Nimbus GmbH,,email,14:30,ye001,deal,yc010,,,ready,2,2026-06-11,fri_1530,ready,
yd003,sales,Reference ask with Vertex OÜ,,email,13:00,ye004,deal,yc004,,,prog,3,2026-06-15,fri_1530,in_progress,
ydh001,sales,Reposition email to Vertex OÜ,,email,,,,,,,done,2,,,in_progress,false
ydh002,marketing,Ship the oss-tool post,,post,,,,,,,done,2,,,ready,false
ydh003,rnd,Predictive-DB benchmark,,research,,,,,,,done,2,,,n_a,false
ydh004,operations,Genco Oy license renewal window,,admin,,,,,,,done,2,,,blocked,true
ydh005,sales,Send pricing context to Rekall Oy,,email,,,,,,,done,3,,,in_progress,true
ydh006,rnd,Schema migration tooling,,research,,,,,,,done,3,,,ready,false
ydh007,marketing,Repurpose agent-inference for LinkedIn,,post,,,,,,,done,2,,,n_a,true
ydh008,marketing,Ship the customer-proof post,,post,,,,,,,done,1,,,n_a,false
ydh009,sales,Reposition email to Genco Oy,,email,,,,,,,done,2,,,n_a,false
ydh010,sales,Call Genco Oy before the window closes,,call,,,,,,,done,3,,,in_progress,false
