touch_id,contact_id,ts,weekday,window,channel,outcome,next_action,next_action_due,notes
yt002,yc004,2026-04-07T08:32:00,tue,0800,call,meeting_booked,prepare demo,2026-04-11,agreed to a 30min walkthrough
yt011,yc009,2026-04-23T09:28:00,thu,0800,linkedin,no_reply,,,
yt001,yc006,2026-04-23T17:01:00,thu,1600,call,no_answer,,,
yt005,yc005,2026-05-26T12:20:00,tue,1215,call,meeting_booked,,,demo booked
yt008,yc003,2026-05-26T16:43:00,tue,1600,email,reply,send one-pager,2026-05-27,asked for a one-pager
yt010,yc010,2026-06-01T10:30:00,mon,other,email,reply,,,asked for a one-pager
yt007,yc009,2026-06-02T17:01:00,tue,1600,call,callback_requested,call back,2026-06-03,asked to call next week
yt003,yc005,2026-06-03T10:30:00,wed,other,email,reply,send one-pager,2026-06-04,asked for a one-pager
yt004,yc010,2026-06-09T08:08:00,tue,0800,call,meeting_booked,prepare demo,2026-06-10,demo booked
yt006,yc006,2026-06-09T14:00:00,tue,other,email,no_reply,,,
yt009,yc003,2026-06-10T12:54:00,wed,1215,call,no_answer,,,
yt015,yc010,2026-06-11T12:24:00,thu,1215,call,no_answer,,,
yt013,yc003,2026-06-11T14:00:00,thu,other,email,reply,,,"replied, lukewarm but open"
yt014,yc007,2026-06-11T17:24:00,thu,1600,linkedin,no_reply,,,
yt012,yc004,2026-06-11T18:45:00,thu,other,email,no_reply,,,
