decision_id,ts,decision_type,context_window,context_weekday,context_segment,context_tier,context_ai_lifecycle,chosen,agent_confidence,human_action,human_alternative,outcome_after
sx041,2026-03-14T08:10:00,opener_choice,0800,wed,analytics,B,operating,sc037,0.66,accepted,,
sx049,2026-03-14T08:10:00,call_priority,1600,thu,accounting,B,announced,sc030,0.12,overridden,reordered,
sx014,2026-03-20T08:10:00,followup_timing,0800,fri,erp,C,operating,sc054,0.83,accepted,,neutral
sx055,2026-03-20T08:10:00,followup_timing,0800,fri,accounting,C,operating,sc008,0.81,accepted,,
sx032,2026-03-23T08:10:00,call_priority,0800,wed,erp,C,shipped,sc044,0.38,overridden,reordered,
sx042,2026-03-26T08:10:00,call_priority,1600,thu,accounting,C,operating,sc008,0.11,overridden,reordered,
sx008,2026-03-28T08:10:00,followup_timing,1215,thu,erp,B,operating,sc042,0.72,accepted,,neutral
sx028,2026-03-28T08:10:00,call_priority,1600,wed,accounting,A,shipped,sc050,0.34,overridden,reordered,
sx057,2026-03-28T08:10:00,opener_choice,0800,mon,erp,A,none,sc020,0.16,ignored,,
sx039,2026-03-29T08:10:00,call_priority,1215,thu,accounting,B,announced,sc014,0.61,accepted,,missed
sx010,2026-03-30T08:10:00,opener_choice,0800,thu,erp,A,operating,sc001,0.77,accepted,,neutral
sx006,2026-03-31T08:10:00,opener_choice,1600,mon,ecommerce,B,announced,sc043,0.47,accepted,,good
sx054,2026-03-31T08:10:00,opener_choice,1600,wed,accounting,B,announced,sc014,0.58,overridden,reordered,
sx019,2026-04-01T08:10:00,call_priority,0800,fri,erp,B,none,sc046,0.56,ignored,,
sx044,2026-04-02T08:10:00,opener_choice,1600,wed,accounting,C,none,sc028,0.83,accepted,,missed
sx047,2026-04-03T08:10:00,followup_timing,1215,fri,accounting,B,announced,sc014,0.54,accepted,,
sx020,2026-04-04T08:10:00,call_priority,1600,mon,erp,B,none,sc017,0.16,overridden,reordered,
sx017,2026-04-05T08:10:00,call_priority,1600,thu,accounting,A,shipped,sc050,0.58,accepted,,
sx035,2026-04-05T08:10:00,followup_timing,1600,mon,consultancy,C,announced,sc022,0.22,ignored,,
sx033,2026-04-06T08:10:00,call_priority,1600,mon,erp,A,none,sc020,0.5,ignored,,
sx053,2026-04-06T08:10:00,opener_choice,1215,thu,ecommerce,A,operating,sc023,0.74,overridden,reordered,
sx004,2026-04-07T08:10:00,opener_choice,1215,wed,ecommerce,B,operating,sc018,0.47,accepted,,neutral
sx060,2026-04-08T08:10:00,followup_timing,0800,tue,accounting,C,operating,sc039,0.8,ignored,,
sx029,2026-04-09T08:10:00,followup_timing,1215,thu,accounting,C,shipped,sc047,0.25,accepted,,missed
sx009,2026-04-10T08:10:00,opener_choice,1215,mon,analytics,B,none,sc031,0.68,accepted,,
sx027,2026-04-14T08:10:00,opener_choice,1600,tue,analytics,B,operating,sc004,0.37,accepted,,missed
sx040,2026-04-16T08:10:00,opener_choice,1215,tue,ecommerce,B,announced,sc035,0.49,overridden,reordered,
sx024,2026-04-18T08:10:00,call_priority,0800,thu,accounting,C,none,sc009,0.32,ignored,,
sx013,2026-04-19T08:10:00,call_priority,1600,thu,accounting,C,announced,sc041,0.22,accepted,,missed
sx048,2026-04-19T08:10:00,call_priority,0800,tue,erp,B,none,sc058,0.77,accepted,,good
sx023,2026-04-20T08:10:00,opener_choice,1215,mon,accounting,C,operating,sc039,0.53,overridden,reordered,
sx046,2026-04-20T08:10:00,opener_choice,1600,wed,other,A,none,sc006,0.39,accepted,,good
sx011,2026-04-21T08:10:00,call_priority,1600,wed,accounting,B,operating,sc040,0.52,overridden,reordered,
sx036,2026-04-21T08:10:00,opener_choice,1600,tue,accounting,B,shipped,sc005,0.62,accepted,,missed
sx016,2026-04-26T08:10:00,call_priority,1600,mon,ecommerce,B,announced,sc035,0.26,overridden,reordered,
sx025,2026-04-27T08:10:00,followup_timing,0800,tue,accounting,B,none,sc032,0.59,ignored,,
sx022,2026-04-28T08:10:00,opener_choice,1215,thu,other,B,announced,sc025,0.71,overridden,reordered,
sx059,2026-04-28T08:10:00,followup_timing,0800,fri,accounting,A,shipped,sc051,0.62,accepted,,missed
sx012,2026-05-01T08:10:00,followup_timing,1215,thu,accounting,B,announced,sc030,0.62,accepted,,
sx018,2026-05-03T08:10:00,opener_choice,1215,tue,erp,C,operating,sc012,0.6,accepted,,
sx051,2026-05-04T08:10:00,followup_timing,1215,tue,consultancy,B,operating,sc024,0.93,accepted,,neutral
sx052,2026-05-05T08:10:00,call_priority,0800,tue,erp,C,operating,sc054,0.25,overridden,reordered,
sx007,2026-05-06T08:10:00,opener_choice,1215,tue,erp,B,none,sc058,0.41,accepted,,
sx002,2026-05-08T08:10:00,call_priority,0800,mon,ecommerce,B,announced,sc043,0.37,overridden,reordered,
sx001,2026-05-10T08:10:00,opener_choice,1215,mon,analytics,B,operating,sc004,0.17,accepted,,
sx034,2026-05-12T08:10:00,followup_timing,0800,fri,analytics,B,operating,sc004,0.42,accepted,,good
sx056,2026-05-12T08:10:00,opener_choice,0800,fri,ecommerce,B,announced,sc035,0.35,overridden,reordered,
sx038,2026-05-18T08:10:00,call_priority,1215,wed,accounting,B,none,sc032,0.89,overridden,reordered,
sx043,2026-05-19T08:10:00,followup_timing,1600,mon,accounting,B,announced,sc030,0.69,ignored,,
sx058,2026-05-22T08:10:00,call_priority,1215,thu,accounting,C,none,sc028,0.77,accepted,,neutral
sx021,2026-05-27T08:10:00,followup_timing,1215,fri,accounting,A,shipped,sc015,0.17,accepted,,neutral
sx015,2026-05-29T08:10:00,call_priority,1215,thu,accounting,B,announced,sc033,0.94,accepted,,missed
sx031,2026-05-29T08:10:00,followup_timing,1600,fri,erp,C,operating,sc012,0.41,accepted,,
sx037,2026-05-29T08:10:00,followup_timing,1215,fri,erp,C,shipped,sc044,0.91,accepted,,good
sx045,2026-06-02T08:10:00,followup_timing,0800,thu,accounting,C,announced,sc041,0.54,accepted,,missed
sx030,2026-06-03T08:10:00,call_priority,0800,fri,accounting,A,none,sc059,0.57,ignored,,
sx005,2026-06-04T08:10:00,call_priority,1215,mon,erp,A,operating,sc016,0.7,overridden,reordered,
sx050,2026-06-05T08:10:00,followup_timing,0800,wed,accounting,C,operating,sc039,0.81,accepted,,
sx003,2026-06-08T08:10:00,followup_timing,1215,thu,erp,A,none,sc020,0.81,accepted,,
sx026,2026-06-11T08:10:00,opener_choice,1215,fri,analytics,B,operating,sc004,0.75,accepted,,neutral
