event_id,name,type,starts,location,cost_eur,status,decided,outcome,notes,created
sv012,SaaStr Europe 2026,meetup,2026-04-17,Stockholm,300,candidate,,,,2026-04-26
sv008,AI Summit 2026,meetup,2026-05-07,Stockholm,0,attended,2026-04-17,neutral,post-event notes,2026-03-17
sv002,DevMeetup 2026,conference,2026-05-20,Helsinki,600,no_go,2026-05-08,,low fit for the cost,2026-05-22
sv013,AI Summit 2026,conference,2026-05-26,online,0,no_go,2026-05-21,,low fit for the cost,2026-05-12
sv011,Founders Brunch 2026,talk,2026-05-27,Stockholm,0,go,2026-05-22,,worth a talk / booth,2026-03-24
sv004,Postgres Conf 2026,sponsor,2026-06-14,online,0,candidate,,,,2026-06-01
sv007,PyData 2026,webinar,2026-06-26,Stockholm,300,candidate,,,,2026-05-29
sv003,Indie Hackers 2026,meetup,2026-07-19,Amsterdam,1200,attended,2026-07-14,waste,post-event notes,2026-04-11
sv006,SaaStr Europe 2026,conference,2026-07-26,Helsinki,0,attended,2026-06-26,neutral,post-event notes,2026-03-09
sv009,Indie Hackers 2026,sponsor,2026-07-27,Amsterdam,150,candidate,,,,2026-05-15
sv010,DevMeetup 2026,conference,2026-08-09,Berlin,150,candidate,,,,2026-05-24
sv014,Postgres Conf 2026,talk,2026-08-11,Berlin,0,no_go,2026-07-23,,low fit for the cost,2026-02-21
sv005,SaaStr Europe 2026,conference,2026-08-18,Berlin,1200,attended,2026-07-27,worthwhile,post-event notes,2026-05-03
sv001,DevMeetup 2026,webinar,2026-09-28,online,0,go,2026-09-03,,worth a talk / booth,2026-04-14
