experiment_id,created,area,type,hypothesis,metric,baseline,target,result,effort,status,learning,started,decided
sr046,2026-01-18,retention,pricing,A pricing change lifts m1_retention from 0.085 to 0.122.,m1_retention,0.085,0.122,0.151,small,validated,m1_retention reached 0.151; shipped,2026-01-18,2026-02-16
sr016,2026-01-20,activation,onboarding,A onboarding change lifts trial_start_rate from 0.393 to 0.548.,trial_start_rate,0.393,0.548,,small,abandoned,killed before a verdict,2026-01-20,
sr038,2026-01-20,retention,onboarding,A onboarding change lifts m1_retention from 0.28 to 0.439.,m1_retention,0.28,0.439,0.258,medium,invalidated,no lift over baseline; reverted,2026-01-20,2026-01-28
sr067,2026-01-21,acquisition,outreach,A outreach change lifts signup_rate from 0.268 to 0.383.,signup_rate,0.268,0.383,,small,abandoned,killed before a verdict,2026-01-21,
sr049,2026-01-23,retention,feature,A feature change lifts m1_retention from 0.34 to 0.564.,m1_retention,0.34,0.564,0.662,small,validated,m1_retention reached 0.662; shipped,2026-01-23,2026-02-14
sr010,2026-01-24,acquisition,onboarding,A onboarding change lifts signup_rate from 0.302 to 0.364.,signup_rate,0.302,0.364,0.416,large,validated,signup_rate reached 0.416; shipped,2026-01-24,2026-02-10
sr048,2026-01-24,activation,pricing,A pricing change lifts trial_start_rate from 0.224 to 0.396.,trial_start_rate,0.224,0.396,0.454,small,validated,trial_start_rate reached 0.454; shipped,2026-01-24,2026-02-10
sr075,2026-01-24,referral,pricing,A pricing change lifts referral_rate from 0.333 to 0.449.,referral_rate,0.333,0.449,0.49,medium,validated,referral_rate reached 0.49; shipped,2026-01-24,2026-02-19
sr060,2026-01-27,referral,pricing,A pricing change lifts referral_rate from 0.096 to 0.16.,referral_rate,0.096,0.16,0.093,small,invalidated,no lift over baseline; reverted,2026-01-27,2026-02-11
sr069,2026-01-29,acquisition,outreach,A outreach change lifts signup_rate from 0.043 to 0.068.,signup_rate,0.043,0.068,0.045,small,invalidated,no lift over baseline; reverted,2026-01-29,2026-02-09
sr079,2026-01-29,retention,landing_page,A landing_page change lifts m1_retention from 0.11 to 0.188.,m1_retention,0.11,0.188,0.113,medium,invalidated,no lift over baseline; reverted,2026-01-29,2026-02-13
sr041,2026-02-05,referral,feature,A feature change lifts referral_rate from 0.118 to 0.166.,referral_rate,0.118,0.166,,medium,running,,2026-02-05,
sr023,2026-02-07,retention,onboarding,A onboarding change lifts m1_retention from 0.145 to 0.254.,m1_retention,0.145,0.254,0.127,medium,invalidated,no lift over baseline; reverted,2026-02-07,2026-02-24
sr025,2026-02-10,activation,pricing,A pricing change lifts trial_start_rate from 0.379 to 0.51.,trial_start_rate,0.379,0.51,0.518,medium,inconclusive,signal within noise; needs a bigger sample,2026-02-10,2026-03-12
sr063,2026-02-10,referral,onboarding,A onboarding change lifts referral_rate from 0.121 to 0.206.,referral_rate,0.121,0.206,0.197,large,inconclusive,signal within noise; needs a bigger sample,2026-02-10,2026-03-14
sr053,2026-02-11,referral,pricing,A pricing change lifts referral_rate from 0.151 to 0.259.,referral_rate,0.151,0.259,0.333,small,validated,referral_rate reached 0.333; shipped,2026-02-11,2026-02-16
sr065,2026-02-12,retention,feature,A feature change lifts m1_retention from 0.194 to 0.312.,m1_retention,0.194,0.312,0.175,medium,invalidated,no lift over baseline; reverted,2026-02-12,2026-03-04
sr085,2026-02-12,revenue,landing_page,A landing_page change lifts trial_to_paid from 0.198 to 0.249.,trial_to_paid,0.198,0.249,0.196,small,invalidated,no lift over baseline; reverted,2026-02-12,2026-02-19
sr088,2026-02-13,retention,onboarding,A onboarding change lifts m1_retention from 0.061 to 0.099.,m1_retention,0.061,0.099,,small,running,,2026-02-13,
sr021,2026-02-15,revenue,pricing,A pricing change lifts trial_to_paid from 0.325 to 0.506.,trial_to_paid,0.325,0.506,0.28,medium,invalidated,no lift over baseline; reverted,2026-02-15,2026-03-04
sr062,2026-02-17,retention,outreach,A outreach change lifts m1_retention from 0.338 to 0.506.,m1_retention,0.338,0.506,0.351,small,invalidated,no lift over baseline; reverted,2026-02-17,2026-03-10
sr074,2026-02-18,revenue,landing_page,A landing_page change lifts trial_to_paid from 0.389 to 0.626.,trial_to_paid,0.389,0.626,,small,running,,2026-02-18,
sr058,2026-02-19,revenue,feature,A feature change lifts trial_to_paid from 0.283 to 0.472.,trial_to_paid,0.283,0.472,0.445,medium,inconclusive,signal within noise; needs a bigger sample,2026-02-19,2026-03-14
sr007,2026-02-22,acquisition,pricing,A pricing change lifts signup_rate from 0.269 to 0.39.,signup_rate,0.269,0.39,0.462,small,validated,signup_rate reached 0.462; shipped,2026-02-22,2026-03-27
sr054,2026-02-23,referral,outreach,A outreach change lifts referral_rate from 0.124 to 0.201.,referral_rate,0.124,0.201,0.26,small,validated,referral_rate reached 0.26; shipped,2026-02-23,2026-02-28
sr012,2026-02-24,retention,feature,A feature change lifts m1_retention from 0.088 to 0.153.,m1_retention,0.088,0.153,0.093,medium,invalidated,no lift over baseline; reverted,2026-02-24,2026-03-25
sr068,2026-02-27,activation,feature,A feature change lifts trial_start_rate from 0.309 to 0.427.,trial_start_rate,0.309,0.427,0.513,small,validated,trial_start_rate reached 0.513; shipped,2026-02-27,2026-04-02
sr055,2026-03-01,activation,landing_page,A landing_page change lifts trial_start_rate from 0.113 to 0.191.,trial_start_rate,0.113,0.191,0.245,small,validated,trial_start_rate reached 0.245; shipped,2026-03-01,2026-03-11
sr029,2026-03-03,revenue,outreach,A outreach change lifts trial_to_paid from 0.073 to 0.113.,trial_to_paid,0.073,0.113,0.114,medium,inconclusive,signal within noise; needs a bigger sample,2026-03-03,2026-03-24
sr042,2026-03-03,referral,outreach,A outreach change lifts referral_rate from 0.079 to 0.119.,referral_rate,0.079,0.119,0.084,large,invalidated,no lift over baseline; reverted,2026-03-03,2026-03-15
sr073,2026-03-05,referral,feature,A feature change lifts referral_rate from 0.157 to 0.201.,referral_rate,0.157,0.201,,medium,abandoned,killed before a verdict,2026-03-05,
sr006,2026-03-06,acquisition,outreach,A outreach change lifts signup_rate from 0.17 to 0.262.,signup_rate,0.17,0.262,,medium,abandoned,killed before a verdict,2026-03-06,
sr064,2026-03-06,revenue,feature,A feature change lifts trial_to_paid from 0.055 to 0.07.,trial_to_paid,0.055,0.07,0.077,small,validated,trial_to_paid reached 0.077; shipped,2026-03-06,2026-04-02
sr082,2026-03-08,activation,outreach,A outreach change lifts trial_start_rate from 0.057 to 0.093.,trial_start_rate,0.057,0.093,0.108,small,validated,trial_start_rate reached 0.108; shipped,2026-03-08,2026-03-26
sr047,2026-03-14,referral,outreach,A outreach change lifts referral_rate from 0.209 to 0.29.,referral_rate,0.209,0.29,0.189,large,invalidated,no lift over baseline; reverted,2026-03-14,2026-03-23
sr024,2026-03-17,activation,pricing,A pricing change lifts trial_start_rate from 0.125 to 0.164.,trial_start_rate,0.125,0.164,0.118,medium,invalidated,no lift over baseline; reverted,2026-03-17,2026-04-16
sr059,2026-03-19,activation,onboarding,A onboarding change lifts trial_start_rate from 0.136 to 0.218.,trial_start_rate,0.136,0.218,0.276,small,validated,trial_start_rate reached 0.276; shipped,2026-03-19,2026-04-07
sr083,2026-03-21,retention,pricing,A pricing change lifts m1_retention from 0.33 to 0.576.,m1_retention,0.33,0.576,0.767,small,validated,m1_retention reached 0.767; shipped,2026-03-21,2026-04-20
sr011,2026-03-25,revenue,pricing,A pricing change lifts trial_to_paid from 0.058 to 0.079.,trial_to_paid,0.058,0.079,0.084,medium,validated,trial_to_paid reached 0.084; shipped,2026-03-25,2026-04-16
sr044,2026-03-27,revenue,outreach,A outreach change lifts trial_to_paid from 0.233 to 0.284.,trial_to_paid,0.233,0.284,0.374,large,validated,trial_to_paid reached 0.374; shipped,2026-03-27,2026-04-04
sr001,2026-03-28,referral,feature,A feature change lifts referral_rate from 0.328 to 0.557.,referral_rate,0.328,0.557,0.324,medium,invalidated,no lift over baseline; reverted,2026-03-28,2026-04-12
sr009,2026-03-28,referral,landing_page,A landing_page change lifts referral_rate from 0.15 to 0.211.,referral_rate,0.15,0.211,0.164,small,invalidated,no lift over baseline; reverted,2026-03-28,2026-04-03
sr057,2026-03-29,referral,feature,A feature change lifts referral_rate from 0.082 to 0.129.,referral_rate,0.082,0.129,,small,running,,2026-03-29,
sr090,2026-03-29,revenue,feature,A feature change lifts trial_to_paid from 0.227 to 0.29.,trial_to_paid,0.227,0.29,0.305,medium,validated,trial_to_paid reached 0.305; shipped,2026-03-29,2026-04-23
sr014,2026-03-31,acquisition,content,A content change lifts signup_rate from 0.393 to 0.661.,signup_rate,0.393,0.661,0.366,small,invalidated,no lift over baseline; reverted,2026-03-31,2026-05-04
sr052,2026-04-01,referral,outreach,A outreach change lifts referral_rate from 0.197 to 0.322.,referral_rate,0.197,0.322,,small,running,,2026-04-01,
sr036,2026-04-05,acquisition,onboarding,A onboarding change lifts signup_rate from 0.241 to 0.369.,signup_rate,0.241,0.369,0.469,small,validated,signup_rate reached 0.469; shipped,2026-04-05,2026-04-28
sr034,2026-04-07,acquisition,landing_page,A landing_page change lifts signup_rate from 0.145 to 0.222.,signup_rate,0.145,0.222,0.151,large,invalidated,no lift over baseline; reverted,2026-04-07,2026-04-18
sr072,2026-04-07,revenue,feature,A feature change lifts trial_to_paid from 0.253 to 0.318.,trial_to_paid,0.253,0.318,0.238,large,invalidated,no lift over baseline; reverted,2026-04-07,2026-04-28
sr040,2026-04-08,activation,feature,A feature change lifts trial_start_rate from 0.271 to 0.432.,trial_start_rate,0.271,0.432,,medium,running,,2026-04-08,
sr081,2026-04-08,retention,feature,A feature change lifts m1_retention from 0.234 to 0.299.,m1_retention,0.234,0.299,0.231,large,invalidated,no lift over baseline; reverted,2026-04-08,2026-05-06
sr031,2026-04-09,referral,onboarding,A onboarding change lifts referral_rate from 0.206 to 0.28.,referral_rate,0.206,0.28,0.204,medium,invalidated,no lift over baseline; reverted,2026-04-09,2026-05-02
sr084,2026-04-09,acquisition,content,A content change lifts signup_rate from 0.219 to 0.313.,signup_rate,0.219,0.313,,small,abandoned,killed before a verdict,2026-04-09,
sr003,2026-04-11,revenue,pricing,A pricing change lifts trial_to_paid from 0.324 to 0.422.,trial_to_paid,0.324,0.422,0.441,small,validated,trial_to_paid reached 0.441; shipped,2026-04-11,2026-04-17
sr043,2026-04-12,retention,onboarding,A onboarding change lifts m1_retention from 0.383 to 0.555.,m1_retention,0.383,0.555,0.572,small,validated,m1_retention reached 0.572; shipped,2026-04-12,2026-05-17
sr086,2026-04-12,acquisition,pricing,A pricing change lifts signup_rate from 0.079 to 0.118.,signup_rate,0.079,0.118,0.117,small,inconclusive,signal within noise; needs a bigger sample,2026-04-12,2026-04-17
sr032,2026-04-14,activation,onboarding,A onboarding change lifts trial_start_rate from 0.231 to 0.349.,trial_start_rate,0.231,0.349,0.433,small,validated,trial_start_rate reached 0.433; shipped,2026-04-14,2026-05-02
sr089,2026-04-14,referral,pricing,A pricing change lifts referral_rate from 0.101 to 0.148.,referral_rate,0.101,0.148,0.101,large,invalidated,no lift over baseline; reverted,2026-04-14,2026-05-08
sr071,2026-04-17,activation,feature,A feature change lifts trial_start_rate from 0.208 to 0.355.,trial_start_rate,0.208,0.355,,small,running,,2026-04-17,
sr019,2026-04-20,referral,content,A content change lifts referral_rate from 0.173 to 0.237.,referral_rate,0.173,0.237,0.151,medium,invalidated,no lift over baseline; reverted,2026-04-20,2026-05-20
sr061,2026-04-20,acquisition,pricing,A pricing change lifts signup_rate from 0.399 to 0.526.,signup_rate,0.399,0.526,0.668,small,validated,signup_rate reached 0.668; shipped,2026-04-20,2026-04-27
sr015,2026-04-26,acquisition,feature,A feature change lifts signup_rate from 0.271 to 0.371.,signup_rate,0.271,0.371,0.297,medium,invalidated,no lift over baseline; reverted,2026-04-26,2026-05-29
sr017,2026-04-27,activation,pricing,A pricing change lifts trial_start_rate from 0.275 to 0.419.,trial_start_rate,0.275,0.419,,small,running,,2026-04-27,
sr026,2026-04-30,activation,landing_page,A landing_page change lifts trial_start_rate from 0.281 to 0.41.,trial_start_rate,0.281,0.41,,small,running,,2026-04-30,
sr056,2026-04-30,revenue,landing_page,A landing_page change lifts trial_to_paid from 0.253 to 0.435.,trial_to_paid,0.253,0.435,,large,running,,2026-04-30,
sr030,2026-05-01,retention,content,A content change lifts m1_retention from 0.266 to 0.471.,m1_retention,0.266,0.471,0.535,medium,validated,m1_retention reached 0.535; shipped,2026-05-01,2026-05-30
sr051,2026-05-05,retention,onboarding,A onboarding change lifts m1_retention from 0.316 to 0.423.,m1_retention,0.316,0.423,0.435,small,inconclusive,signal within noise; needs a bigger sample,2026-05-05,2026-05-22
sr037,2026-05-06,revenue,feature,A feature change lifts trial_to_paid from 0.048 to 0.068.,trial_to_paid,0.048,0.068,0.052,large,invalidated,no lift over baseline; reverted,2026-05-06,2026-05-14
sr004,2026-05-08,activation,feature,A feature change lifts trial_start_rate from 0.282 to 0.369.,trial_start_rate,0.282,0.369,0.385,medium,validated,trial_start_rate reached 0.385; shipped,2026-05-08,2026-06-07
sr033,2026-05-09,acquisition,landing_page,A landing_page change lifts signup_rate from 0.053 to 0.079.,signup_rate,0.053,0.079,0.056,small,invalidated,no lift over baseline; reverted,2026-05-09,2026-05-17
sr066,2026-05-09,referral,landing_page,A landing_page change lifts referral_rate from 0.192 to 0.249.,referral_rate,0.192,0.249,0.274,small,validated,referral_rate reached 0.274; shipped,2026-05-09,2026-05-28
sr050,2026-05-10,retention,feature,A feature change lifts m1_retention from 0.173 to 0.249.,m1_retention,0.173,0.249,,medium,running,,2026-05-10,
sr028,2026-05-11,retention,content,A content change lifts m1_retention from 0.35 to 0.559.,m1_retention,0.35,0.559,0.326,small,invalidated,no lift over baseline; reverted,2026-05-11,2026-06-07
sr020,2026-05-12,referral,landing_page,A landing_page change lifts referral_rate from 0.386 to 0.675.,referral_rate,0.386,0.675,0.771,small,validated,referral_rate reached 0.771; shipped,2026-05-12,2026-06-16
sr039,2026-05-12,activation,feature,A feature change lifts trial_start_rate from 0.358 to 0.465.,trial_start_rate,0.358,0.465,,small,abandoned,killed before a verdict,2026-05-12,
sr076,2026-05-12,revenue,landing_page,A landing_page change lifts trial_to_paid from 0.333 to 0.546.,trial_to_paid,0.333,0.546,0.683,medium,validated,trial_to_paid reached 0.683; shipped,2026-05-12,2026-05-29
sr045,2026-05-13,referral,onboarding,A onboarding change lifts referral_rate from 0.375 to 0.516.,referral_rate,0.375,0.516,,large,abandoned,killed before a verdict,2026-05-13,
sr087,2026-05-13,referral,landing_page,A landing_page change lifts referral_rate from 0.087 to 0.112.,referral_rate,0.087,0.112,0.095,small,invalidated,no lift over baseline; reverted,2026-05-13,2026-06-02
sr008,2026-05-19,referral,content,A content change lifts referral_rate from 0.215 to 0.263.,referral_rate,0.215,0.263,,medium,running,,2026-05-19,
sr027,2026-05-19,revenue,feature,A feature change lifts trial_to_paid from 0.253 to 0.317.,trial_to_paid,0.253,0.317,,large,running,,2026-05-19,
sr013,2026-05-20,acquisition,content,A content change lifts signup_rate from 0.192 to 0.294.,signup_rate,0.192,0.294,0.388,small,validated,signup_rate reached 0.388; shipped,2026-05-20,2026-06-14
sr077,2026-05-23,revenue,landing_page,A landing_page change lifts trial_to_paid from 0.295 to 0.435.,trial_to_paid,0.295,0.435,0.508,small,validated,trial_to_paid reached 0.508; shipped,2026-05-23,2026-06-23
sr002,2026-05-30,revenue,pricing,A pricing change lifts trial_to_paid from 0.085 to 0.137.,trial_to_paid,0.085,0.137,,small,running,,2026-05-30,
sr035,2026-05-31,retention,outreach,A outreach change lifts m1_retention from 0.177 to 0.277.,m1_retention,0.177,0.277,,large,running,,2026-05-31,
sr078,2026-06-02,acquisition,outreach,A outreach change lifts signup_rate from 0.148 to 0.237.,signup_rate,0.148,0.237,0.278,small,validated,signup_rate reached 0.278; shipped,2026-06-02,2026-06-11
sr022,2026-06-03,retention,outreach,A outreach change lifts m1_retention from 0.396 to 0.604.,m1_retention,0.396,0.604,,small,abandoned,killed before a verdict,2026-06-03,
sr005,2026-06-05,referral,onboarding,A onboarding change lifts referral_rate from 0.087 to 0.14.,referral_rate,0.087,0.14,0.149,small,validated,referral_rate reached 0.149; shipped,2026-06-05,2026-06-16
sr070,2026-06-05,referral,outreach,A outreach change lifts referral_rate from 0.3 to 0.387.,referral_rate,0.3,0.387,0.516,small,validated,referral_rate reached 0.516; shipped,2026-06-05,2026-07-04
sr080,2026-06-05,revenue,feature,A feature change lifts trial_to_paid from 0.197 to 0.315.,trial_to_paid,0.197,0.315,0.168,medium,invalidated,no lift over baseline; reverted,2026-06-05,2026-06-26
sr018,2026-06-06,referral,content,A content change lifts referral_rate from 0.13 to 0.184.,referral_rate,0.13,0.184,,small,abandoned,killed before a verdict,2026-06-06,
