contact_id,name,company,role,phone_present,email_present,segment,tier,ai_lifecycle,source,country,notes_tags,created
sc001,Alice Hill,Tyrell Oy,CEO,false,true,erp,A,operating,trigger,Finland,founder-led;podcast-listener;rfp-soon,2025-08-02
sc002,Heidi Banks,Mooby Ab,CFO,false,true,accounting,C,none,cold,Sweden,podcast-listener;spreadsheet-heavy,2025-06-04
sc003,Judy Frost,Genco Oy,CTO,false,true,analytics,C,operating,cold,Finland,newsletter,2025-12-18
sc004,Frank Pike,Onyx Oy,IT Manager,true,true,analytics,B,operating,cold,Finland,founder-led;tech-savvy,2025-11-09
sc005,Quinn Rivers,Dunder GmbH,CTO,true,true,accounting,B,shipped,warm,Germany,tech-savvy,2026-01-24
sc006,Quinn Pike,Aperture Oy,CEO,true,true,other,A,none,cold,Finland,newsletter;slow-cycle;spreadsheet-heavy,2025-11-27
sc007,Heidi Stone,Spectre Oy,CEO,false,true,ecommerce,C,announced,cold,Finland,rfp-soon,2025-09-29
sc008,Alice Snow,Pied Oy,Head of Finance,false,true,accounting,C,operating,trigger,Finland,,2025-10-24
sc009,Walter Lake,Pymt Oy,CTO,true,true,accounting,C,none,cold,Finland,podcast-listener,2025-07-15
sc010,Hank Marsh,Vandelay Oy,IT Manager,true,true,erp,C,none,cold,Finland,inbound;met-at-event;tech-savvy,2025-11-28
sc011,Zara Pike,Wayne OÜ,Partner,true,true,ecommerce,B,none,trigger,Estonia,met-at-event,2025-05-16
sc012,Zara Banks,Sterling Oy,Head of Finance,false,false,erp,C,operating,cold,Finland,inbound;multi-entity;rfp-soon,2025-11-12
sc013,Grace Ford,Pendant Oy,Finance Manager,true,true,ecommerce,B,none,warm,Finland,inbound;newsletter;tech-savvy,2026-03-17
sc014,Hank Knight,Pymt Oy,CTO,true,true,accounting,B,announced,cold,Finland,q3-budget,2026-02-02
sc015,Olivia Gray,Nimbus OÜ,Head of Product,false,true,accounting,A,shipped,referral,Estonia,,2026-01-16
sc016,Grace Lane,Nakatomi OÜ,COO,true,true,erp,A,operating,warm,Estonia,,2025-11-05
sc017,Eve Frost,Vandelay Oy,CTO,false,true,erp,B,none,warm,Finland,intro-available;rfp-soon;tech-savvy,2025-07-31
sc018,Bob Wells,Lumon Oy,CEO,false,true,ecommerce,B,operating,warm,Finland,intro-available;met-at-event,2025-08-02
sc019,Eve Knight,Slate OÜ,CTO,false,true,accounting,A,none,warm,Estonia,,2025-10-27
sc020,Peggy Rivers,Nakatomi OÜ,Founder,true,true,erp,A,none,trigger,Estonia,,2025-08-13
sc021,Rupert Fields,Nakatomi OÜ,Head of Product,true,true,erp,B,announced,referral,Estonia,founder-led;spreadsheet-heavy;tech-savvy,2025-09-18
sc022,Yvonne Knight,Delos Ab,Head of Finance,true,true,consultancy,C,announced,warm,Sweden,met-at-event;slow-cycle,2026-02-12
sc023,Olivia Snow,Omni OÜ,IT Manager,true,true,ecommerce,A,operating,referral,Estonia,intro-available;met-at-event;tech-savvy,2025-08-02
sc024,Zara Day,Vance BV,CEO,true,true,consultancy,B,operating,warm,Netherlands,met-at-event,2025-11-08
sc025,Rupert Gray,Prestige Oy,Finance Manager,false,true,other,B,announced,cold,Finland,,2025-09-15
sc026,Carol Ford,Lumon Oy,Finance Manager,true,true,ecommerce,C,none,cold,Finland,slow-cycle;spreadsheet-heavy,2025-10-31
sc027,Walter Ford,Mooby Ab,CFO,true,true,accounting,C,none,cold,Sweden,,2025-07-27
sc028,Rupert Pike,Acme OÜ,CFO,true,true,accounting,C,none,warm,Estonia,founder-led;inbound;rfp-soon,2026-04-01
sc029,Ivan Vale,Nimbus OÜ,CEO,true,true,accounting,B,operating,cold,Estonia,,2026-01-03
sc030,Sybil Gray,Hanso GmbH,CFO,true,true,accounting,B,announced,cold,Germany,founder-led;intro-available;q3-budget,2026-04-07
sc031,Carol Wells,Wonka Oy,CTO,true,true,analytics,B,none,warm,Finland,,2026-01-11
sc032,Heidi Fields,Slate OÜ,CFO,true,true,accounting,B,none,trigger,Estonia,inbound;intro-available;newsletter,2025-09-29
sc033,Bob Banks,Nimbus OÜ,Partner,true,true,accounting,B,announced,warm,Estonia,newsletter,2025-11-29
sc034,Zara Knight,Initech Oy,CFO,true,true,erp,B,none,cold,Finland,,2026-01-27
sc035,Judy Banks,Spectre Oy,Finance Manager,true,false,ecommerce,B,announced,cold,Finland,met-at-event;rfp-soon;spreadsheet-heavy,2025-07-18
sc036,Sybil Banks,Monarch GmbH,Founder,true,true,accounting,A,none,cold,Germany,inbound;podcast-listener,2025-09-24
sc037,Grace Marsh,Wonka Oy,CEO,true,true,analytics,B,operating,trigger,Finland,q3-budget,2026-04-10
sc038,Victor Brooks,Pied Oy,Head of Finance,true,true,accounting,B,operating,referral,Finland,q3-budget,2025-10-29
sc039,Frank Reed,Slate OÜ,Founder,true,true,accounting,C,operating,warm,Estonia,intro-available;q3-budget,2025-05-16
sc040,Heidi Marsh,Slate OÜ,COO,true,false,accounting,B,operating,warm,Estonia,rfp-soon;slow-cycle,2026-03-04
sc041,Judy Snow,Sirius Oy,CFO,true,true,accounting,C,announced,trigger,Finland,intro-available;newsletter;rfp-soon,2025-08-10
sc042,Mallory Reed,Duff OÜ,Founder,true,true,erp,B,operating,warm,Estonia,intro-available;slow-cycle;tech-savvy,2025-09-26
sc043,Ivan Lane,Strickland GmbH,CFO,true,false,ecommerce,B,announced,cold,Germany,newsletter;rfp-soon,2026-02-17
sc044,Mallory Frost,Sterling Oy,Head of Finance,true,false,erp,C,shipped,trigger,Finland,,2025-07-07
sc045,Mallory Wells,Sirius Oy,Head of Finance,true,true,accounting,B,announced,referral,Finland,founder-led,2025-06-13
sc046,Sybil Ford,Krusty Oy,Head of Product,true,true,erp,B,none,warm,Finland,,2025-11-25
sc047,Quinn Cross,Mooby Ab,IT Manager,false,true,accounting,C,shipped,warm,Sweden,inbound;podcast-listener,2026-02-19
sc048,Victor Frost,Prestige Oy,CTO,true,true,other,C,operating,cold,Finland,newsletter;podcast-listener,2026-04-06
sc049,Zara Cross,Vertex GmbH,Founder,true,true,ecommerce,B,shipped,warm,Germany,,2025-08-16
sc050,Olivia Knight,Pymt Oy,CEO,true,true,accounting,A,shipped,trigger,Finland,q3-budget,2025-10-12
sc051,Alice Pike,Monarch GmbH,IT Manager,false,true,accounting,A,shipped,warm,Germany,,2025-12-07
sc052,Mallory Day,Nakatomi OÜ,Partner,true,true,erp,B,none,warm,Estonia,inbound;slow-cycle,2025-09-25
sc053,Yvonne Snow,Genco Oy,Finance Manager,true,true,analytics,C,announced,warm,Finland,founder-led;met-at-event;newsletter,2025-11-05
sc054,Carol Vale,Nakatomi OÜ,Head of Finance,true,false,erp,C,operating,trigger,Estonia,inbound;podcast-listener,2025-11-14
sc055,Victor Lake,Nimbus OÜ,CEO,true,true,accounting,B,none,warm,Estonia,newsletter;rfp-soon;spreadsheet-heavy,2025-08-05
sc056,Frank Stone,Pierce Oy,CFO,false,true,accounting,B,operating,cold,Finland,,2025-08-24
sc057,Heidi Lake,Pierce Oy,CEO,true,true,accounting,B,announced,warm,Finland,tech-savvy,2025-05-23
sc058,Trent Banks,Cobalt Oy,CEO,true,true,erp,B,none,warm,Finland,slow-cycle,2025-12-04
sc059,Peggy Fields,Slate OÜ,Head of Finance,true,true,accounting,A,none,trigger,Estonia,newsletter,2025-10-04
sc060,Frank Knight,Rekall BV,CTO,false,true,erp,C,none,referral,Netherlands,rfp-soon;spreadsheet-heavy,2026-04-25
