session_id,ts,source,campaign,landing_page,country,device,signed_up,started_trial,converted_paid
ss0060,2026-02-12,paid_search,retargeting,/pricing,Finland,mobile,true,true,true
ss0115,2026-02-12,paid_search,spring_launch,/,Germany,desktop,false,false,false
ss0180,2026-02-12,paid_search,brand_terms,/docs,Finland,mobile,false,false,false
ss0267,2026-02-12,organic,,/blog,Sweden,tablet,false,false,false
ss0300,2026-02-12,paid_search,brand_terms,/pricing,Estonia,desktop,false,false,false
ss0360,2026-02-12,social,founder_thread,/blog,Finland,tablet,false,false,false
ss0471,2026-02-12,direct,,/blog,Finland,desktop,false,false,false
ss0540,2026-02-12,paid_search,retargeting,/pricing,Finland,desktop,false,false,false
ss0236,2026-02-13,paid_search,retargeting,/blog,Finland,tablet,false,false,false
ss0291,2026-02-13,paid_search,retargeting,/blog,Finland,mobile,false,false,false
ss0377,2026-02-13,referral,,/demo,Germany,tablet,true,true,true
ss0474,2026-02-13,referral,,/docs,Sweden,desktop,true,false,false
ss0547,2026-02-13,referral,,/docs,Germany,mobile,false,false,false
ss0591,2026-02-13,paid_search,retargeting,/demo,Finland,tablet,false,false,false
ss0194,2026-02-14,referral,,/docs,Finland,tablet,true,true,true
ss0296,2026-02-14,paid_search,spring_launch,/docs,Germany,mobile,false,false,false
ss0017,2026-02-15,social,retargeting,/demo,Finland,mobile,true,true,false
ss0034,2026-02-15,social,spring_launch,/blog,Estonia,desktop,false,false,false
ss0090,2026-02-15,organic,,/blog,Estonia,desktop,false,false,false
ss0240,2026-02-15,social,founder_thread,/pricing,Finland,desktop,false,false,false
ss0308,2026-02-15,social,retargeting,/blog,Germany,desktop,false,false,false
ss0153,2026-02-16,organic,,/pricing,Finland,tablet,true,true,false
ss0195,2026-02-16,referral,,/demo,Finland,tablet,true,true,true
ss0233,2026-02-16,direct,,/blog,Finland,mobile,true,false,false
ss0244,2026-02-16,organic,,/demo,Finland,mobile,false,false,false
ss0598,2026-02-16,direct,,/blog,Finland,mobile,true,false,false
ss0044,2026-02-17,social,founder_thread,/pricing,Finland,desktop,false,false,false
ss0101,2026-02-17,paid_search,retargeting,/,Finland,desktop,false,false,false
ss0110,2026-02-17,organic,,/docs,Finland,mobile,true,true,false
ss0160,2026-02-17,organic,,/blog,Germany,tablet,true,false,false
ss0213,2026-02-17,organic,,/docs,Finland,desktop,false,false,false
ss0429,2026-02-17,paid_search,brand_terms,/pricing,Finland,mobile,true,false,false
ss0190,2026-02-18,paid_search,brand_terms,/demo,Finland,mobile,false,false,false
ss0576,2026-02-18,referral,,/blog,Sweden,mobile,false,false,false
ss0013,2026-02-19,organic,,/blog,Finland,desktop,true,true,false
ss0398,2026-02-19,paid_search,brand_terms,/pricing,Germany,desktop,true,false,false
ss0081,2026-02-20,paid_search,brand_terms,/docs,Finland,mobile,true,false,false
ss0192,2026-02-20,organic,,/,Finland,desktop,false,false,false
ss0397,2026-02-20,referral,,/docs,Germany,mobile,true,false,false
ss0432,2026-02-20,paid_search,retargeting,/demo,Finland,desktop,false,false,false
ss0154,2026-02-21,referral,,/blog,Sweden,desktop,false,false,false
ss0332,2026-02-21,organic,,/blog,Finland,desktop,false,false,false
ss0448,2026-02-21,social,founder_thread,/,Finland,mobile,false,false,false
ss0557,2026-02-21,referral,,/blog,Estonia,mobile,false,false,false
ss0069,2026-02-22,paid_search,spring_launch,/pricing,Finland,desktop,true,true,true
ss0143,2026-02-22,organic,,/docs,Finland,tablet,true,true,false
ss0156,2026-02-22,referral,,/blog,Finland,mobile,false,false,false
ss0188,2026-02-22,paid_search,spring_launch,/demo,Estonia,desktop,false,false,false
ss0263,2026-02-22,paid_search,retargeting,/demo,Finland,desktop,false,false,false
ss0307,2026-02-22,paid_search,brand_terms,/,Finland,mobile,false,false,false
ss0402,2026-02-22,organic,,/blog,Finland,desktop,false,false,false
ss0493,2026-02-22,paid_search,retargeting,/blog,Finland,tablet,false,false,false
ss0592,2026-02-22,social,founder_thread,/pricing,Finland,mobile,false,false,false
ss0347,2026-02-23,paid_search,retargeting,/,Finland,mobile,false,false,false
ss0108,2026-02-24,referral,,/docs,Finland,mobile,false,false,false
ss0225,2026-02-24,organic,,/docs,Netherlands,desktop,true,false,false
ss0272,2026-02-24,referral,,/pricing,Finland,mobile,true,false,false
ss0019,2026-02-25,referral,,/blog,Germany,desktop,true,true,true
ss0058,2026-02-25,organic,,/demo,Finland,tablet,false,false,false
ss0078,2026-02-25,organic,,/,Estonia,tablet,false,false,false
ss0174,2026-02-25,organic,,/demo,Finland,tablet,false,false,false
ss0183,2026-02-25,direct,,/,Finland,desktop,true,false,false
ss0189,2026-02-25,organic,,/demo,Estonia,desktop,false,false,false
ss0215,2026-02-25,social,spring_launch,/docs,Finland,mobile,false,false,false
ss0278,2026-02-25,referral,,/blog,Estonia,mobile,true,true,false
ss0384,2026-02-25,organic,,/docs,Finland,desktop,true,false,false
ss0387,2026-02-25,paid_search,retargeting,/demo,Finland,mobile,false,false,false
ss0487,2026-02-25,paid_search,brand_terms,/,Sweden,mobile,false,false,false
ss0529,2026-02-25,paid_search,retargeting,/pricing,Finland,desktop,false,false,false
ss0569,2026-02-25,social,founder_thread,/pricing,Netherlands,mobile,false,false,false
ss0097,2026-02-26,paid_search,retargeting,/docs,Finland,tablet,false,false,false
ss0147,2026-02-26,paid_search,spring_launch,/docs,Finland,desktop,false,false,false
ss0242,2026-02-26,paid_search,retargeting,/blog,Netherlands,mobile,false,false,false
ss0249,2026-02-26,direct,,/demo,Finland,desktop,true,false,false
ss0319,2026-02-26,referral,,/demo,Finland,mobile,false,false,false
ss0378,2026-02-26,paid_search,spring_launch,/pricing,Finland,mobile,false,false,false
ss0600,2026-02-26,direct,,/blog,Estonia,tablet,false,false,false
ss0043,2026-02-27,organic,,/demo,Finland,mobile,false,false,false
ss0179,2026-02-27,organic,,/blog,Finland,tablet,false,false,false
ss0257,2026-02-27,paid_search,brand_terms,/blog,Finland,mobile,false,false,false
ss0497,2026-02-27,direct,,/,Finland,desktop,false,false,false
ss0573,2026-02-27,paid_search,retargeting,/docs,Finland,tablet,true,false,false
ss0582,2026-02-27,paid_search,retargeting,/docs,Finland,mobile,false,false,false
ss0583,2026-02-27,paid_search,spring_launch,/blog,Finland,mobile,false,false,false
ss0142,2026-02-28,organic,,/demo,Netherlands,tablet,false,false,false
ss0144,2026-02-28,organic,,/docs,Finland,desktop,false,false,false
ss0167,2026-02-28,direct,,/docs,Netherlands,mobile,false,false,false
ss0201,2026-02-28,organic,,/blog,Finland,tablet,false,false,false
ss0239,2026-02-28,social,spring_launch,/docs,Finland,mobile,false,false,false
ss0363,2026-02-28,organic,,/demo,Finland,tablet,true,false,false
ss0401,2026-02-28,paid_search,brand_terms,/,Finland,desktop,false,false,false
ss0525,2026-02-28,paid_search,brand_terms,/demo,Netherlands,desktop,true,true,false
ss0178,2026-03-01,direct,,/pricing,Netherlands,desktop,true,false,false
ss0202,2026-03-01,organic,,/docs,Germany,desktop,false,false,false
ss0368,2026-03-01,direct,,/,Estonia,mobile,true,true,false
ss0409,2026-03-01,direct,,/pricing,Finland,tablet,true,true,false
ss0472,2026-03-01,social,spring_launch,/pricing,Finland,desktop,true,true,false
ss0579,2026-03-01,referral,,/docs,Estonia,tablet,false,false,false
ss0134,2026-03-03,organic,,/demo,Estonia,tablet,true,false,false
ss0235,2026-03-03,organic,,/docs,Finland,mobile,false,false,false
ss0253,2026-03-03,direct,,/docs,Finland,desktop,false,false,false
ss0503,2026-03-03,paid_search,brand_terms,/docs,Finland,desktop,true,true,true
ss0571,2026-03-03,paid_search,brand_terms,/,Finland,mobile,true,false,false
ss0587,2026-03-03,direct,,/blog,Finland,desktop,false,false,false
ss0068,2026-03-04,organic,,/blog,Estonia,mobile,false,false,false
ss0116,2026-03-04,direct,,/pricing,Netherlands,desktop,true,true,false
ss0238,2026-03-04,paid_search,brand_terms,/demo,Finland,desktop,false,false,false
ss0328,2026-03-04,organic,,/pricing,Estonia,desktop,false,false,false
ss0479,2026-03-04,paid_search,spring_launch,/,Finland,mobile,false,false,false
ss0480,2026-03-04,paid_search,brand_terms,/blog,Finland,desktop,false,false,false
ss0558,2026-03-04,paid_search,spring_launch,/demo,Finland,tablet,true,false,false
ss0169,2026-03-05,paid_search,brand_terms,/blog,Finland,mobile,true,false,false
ss0287,2026-03-05,paid_search,retargeting,/demo,Finland,mobile,false,false,false
ss0430,2026-03-05,paid_search,retargeting,/demo,Finland,tablet,true,true,true
ss0530,2026-03-05,social,retargeting,/,Germany,desktop,false,false,false
ss0590,2026-03-05,organic,,/demo,Finland,mobile,false,false,false
ss0031,2026-03-06,organic,,/blog,Finland,mobile,false,false,false
ss0151,2026-03-06,paid_search,brand_terms,/blog,Finland,tablet,false,false,false
ss0303,2026-03-06,direct,,/blog,Finland,mobile,false,false,false
ss0358,2026-03-06,referral,,/pricing,Finland,desktop,true,false,false
ss0453,2026-03-06,direct,,/pricing,Finland,desktop,false,false,false
ss0462,2026-03-06,organic,,/blog,Finland,desktop,false,false,false
ss0502,2026-03-06,paid_search,brand_terms,/pricing,Germany,mobile,true,true,false
ss0589,2026-03-06,social,spring_launch,/demo,Netherlands,desktop,true,true,true
ss0177,2026-03-07,social,retargeting,/,Finland,desktop,false,false,false
ss0298,2026-03-07,organic,,/,Finland,desktop,false,false,false
ss0494,2026-03-07,paid_search,spring_launch,/,Finland,mobile,true,false,false
ss0584,2026-03-07,social,retargeting,/docs,Finland,desktop,false,false,false
ss0118,2026-03-08,organic,,/pricing,Finland,tablet,true,true,false
ss0228,2026-03-08,direct,,/demo,Finland,tablet,false,false,false
ss0234,2026-03-08,paid_search,spring_launch,/,Finland,mobile,false,false,false
ss0251,2026-03-08,paid_search,spring_launch,/docs,Estonia,mobile,true,false,false
ss0280,2026-03-08,organic,,/pricing,Finland,desktop,true,false,false
ss0354,2026-03-08,paid_search,spring_launch,/blog,Estonia,desktop,false,false,false
ss0520,2026-03-08,direct,,/demo,Finland,mobile,false,false,false
ss0484,2026-03-09,direct,,/docs,Finland,desktop,true,false,false
ss0507,2026-03-09,paid_search,brand_terms,/docs,Finland,mobile,false,false,false
ss0550,2026-03-09,social,spring_launch,/blog,Finland,mobile,false,false,false
ss0004,2026-03-10,social,founder_thread,/blog,Netherlands,mobile,true,false,false
ss0159,2026-03-10,organic,,/blog,Finland,mobile,false,false,false
ss0207,2026-03-10,direct,,/blog,Finland,tablet,true,false,false
ss0392,2026-03-10,organic,,/docs,Finland,desktop,true,true,false
ss0422,2026-03-10,paid_search,spring_launch,/demo,Estonia,desktop,true,false,false
ss0437,2026-03-10,direct,,/demo,Estonia,desktop,false,false,false
ss0099,2026-03-11,paid_search,spring_launch,/,Finland,mobile,false,false,false
ss0310,2026-03-11,paid_search,brand_terms,/,Finland,mobile,false,false,false
ss0500,2026-03-11,organic,,/docs,Finland,mobile,false,false,false
ss0030,2026-03-12,social,spring_launch,/docs,Finland,desktop,false,false,false
ss0046,2026-03-12,paid_search,spring_launch,/pricing,Finland,desktop,true,false,false
ss0085,2026-03-12,paid_search,brand_terms,/pricing,Finland,mobile,true,false,false
ss0105,2026-03-12,social,spring_launch,/blog,Finland,desktop,false,false,false
ss0120,2026-03-12,social,spring_launch,/,Netherlands,desktop,false,false,false
ss0376,2026-03-12,direct,,/pricing,Finland,desktop,false,false,false
ss0505,2026-03-12,organic,,/demo,Finland,tablet,false,false,false
ss0092,2026-03-13,social,founder_thread,/blog,Finland,desktop,false,false,false
ss0548,2026-03-13,paid_search,spring_launch,/blog,Finland,mobile,true,false,false
ss0575,2026-03-13,paid_search,spring_launch,/demo,Finland,tablet,false,false,false
ss0138,2026-03-14,organic,,/,Estonia,tablet,true,true,false
ss0226,2026-03-14,social,founder_thread,/blog,Finland,tablet,false,false,false
ss0252,2026-03-14,referral,,/blog,Finland,desktop,false,false,false
ss0293,2026-03-14,organic,,/pricing,Finland,desktop,false,false,false
ss0415,2026-03-14,direct,,/blog,Finland,mobile,true,false,false
ss0094,2026-03-15,social,spring_launch,/docs,Finland,desktop,true,true,true
ss0261,2026-03-15,direct,,/docs,Estonia,desktop,false,false,false
ss0314,2026-03-15,organic,,/pricing,Finland,mobile,true,true,false
ss0326,2026-03-15,direct,,/pricing,Estonia,mobile,false,false,false
ss0340,2026-03-15,paid_search,retargeting,/pricing,Estonia,tablet,true,false,false
ss0408,2026-03-15,organic,,/,Finland,desktop,true,false,false
ss0489,2026-03-15,paid_search,spring_launch,/blog,Estonia,desktop,false,false,false
ss0511,2026-03-15,organic,,/demo,Finland,tablet,true,true,false
ss0006,2026-03-16,organic,,/docs,Finland,mobile,false,false,false
ss0016,2026-03-16,organic,,/pricing,Germany,desktop,false,false,false
ss0067,2026-03-16,paid_search,brand_terms,/demo,Finland,mobile,true,false,false
ss0104,2026-03-16,paid_search,brand_terms,/docs,Estonia,mobile,true,false,false
ss0421,2026-03-16,social,founder_thread,/blog,Finland,tablet,true,false,false
ss0423,2026-03-16,organic,,/blog,Sweden,desktop,false,false,false
ss0551,2026-03-16,direct,,/docs,Sweden,tablet,false,false,false
ss0594,2026-03-16,paid_search,retargeting,/,Sweden,desktop,false,false,false
ss0066,2026-03-17,organic,,/,Finland,desktop,false,false,false
ss0266,2026-03-17,organic,,/pricing,Finland,mobile,false,false,false
ss0510,2026-03-17,paid_search,retargeting,/demo,Finland,desktop,true,false,false
ss0536,2026-03-17,paid_search,spring_launch,/docs,Netherlands,tablet,false,false,false
ss0136,2026-03-18,referral,,/demo,Finland,mobile,true,false,false
ss0197,2026-03-18,paid_search,spring_launch,/pricing,Sweden,mobile,false,false,false
ss0232,2026-03-18,direct,,/pricing,Finland,tablet,true,true,false
ss0535,2026-03-18,social,founder_thread,/pricing,Finland,desktop,true,true,false
ss0211,2026-03-19,paid_search,retargeting,/pricing,Estonia,desktop,true,false,false
ss0317,2026-03-19,organic,,/,Finland,tablet,false,false,false
ss0446,2026-03-19,direct,,/docs,Netherlands,tablet,true,false,false
ss0586,2026-03-19,referral,,/blog,Finland,mobile,false,false,false
ss0372,2026-03-20,organic,,/,Finland,desktop,false,false,false
ss0379,2026-03-20,organic,,/blog,Estonia,desktop,true,true,false
ss0382,2026-03-20,organic,,/pricing,Finland,mobile,false,false,false
ss0454,2026-03-20,organic,,/docs,Finland,mobile,false,false,false
ss0461,2026-03-20,organic,,/,Germany,desktop,true,false,false
ss0148,2026-03-21,organic,,/,Netherlands,mobile,false,false,false
ss0315,2026-03-21,organic,,/blog,Finland,mobile,false,false,false
ss0339,2026-03-21,social,spring_launch,/pricing,Finland,mobile,false,false,false
ss0433,2026-03-21,paid_search,retargeting,/blog,Sweden,mobile,false,false,false
ss0538,2026-03-21,organic,,/demo,Finland,desktop,true,true,false
ss0113,2026-03-22,paid_search,brand_terms,/blog,Finland,desktop,false,false,false
ss0350,2026-03-22,direct,,/,Finland,desktop,false,false,false
ss0460,2026-03-22,social,founder_thread,/demo,Finland,desktop,true,false,false
ss0463,2026-03-22,referral,,/demo,Finland,tablet,true,true,true
ss0385,2026-03-23,social,retargeting,/demo,Finland,tablet,false,false,false
ss0390,2026-03-23,paid_search,spring_launch,/pricing,Finland,tablet,false,false,false
ss0459,2026-03-23,social,retargeting,/,Finland,mobile,false,false,false
ss0164,2026-03-24,organic,,/,Finland,desktop,true,true,false
ss0171,2026-03-24,referral,,/demo,Finland,desktop,true,true,false
ss0196,2026-03-24,social,founder_thread,/docs,Finland,mobile,false,false,false
ss0444,2026-03-24,paid_search,retargeting,/demo,Finland,mobile,false,false,false
ss0029,2026-03-25,organic,,/demo,Estonia,mobile,false,false,false
ss0103,2026-03-25,social,spring_launch,/,Estonia,tablet,false,false,false
ss0304,2026-03-25,organic,,/docs,Finland,mobile,true,false,false
ss0346,2026-03-25,paid_search,brand_terms,/docs,Finland,mobile,true,false,false
ss0371,2026-03-25,direct,,/demo,Estonia,mobile,false,false,false
ss0455,2026-03-25,direct,,/pricing,Finland,mobile,true,true,true
ss0570,2026-03-25,referral,,/demo,Netherlands,desktop,true,true,true
ss0020,2026-03-26,organic,,/blog,Finland,tablet,true,true,true
ss0316,2026-03-26,paid_search,brand_terms,/docs,Finland,desktop,true,false,false
ss0322,2026-03-26,paid_search,spring_launch,/pricing,Sweden,mobile,false,false,false
ss0345,2026-03-26,organic,,/,Netherlands,desktop,true,true,true
ss0062,2026-03-27,paid_search,retargeting,/docs,Finland,desktop,false,false,false
ss0217,2026-03-27,social,founder_thread,/,Netherlands,desktop,false,false,false
ss0407,2026-03-27,organic,,/demo,Germany,desktop,false,false,false
ss0539,2026-03-27,direct,,/docs,Germany,tablet,true,true,true
ss0011,2026-03-28,organic,,/blog,Finland,mobile,false,false,false
ss0051,2026-03-28,organic,,/,Finland,tablet,false,false,false
ss0222,2026-03-28,organic,,/docs,Finland,tablet,false,false,false
ss0260,2026-03-28,organic,,/,Finland,desktop,false,false,false
ss0009,2026-03-29,social,spring_launch,/docs,Germany,desktop,false,false,false
ss0049,2026-03-29,direct,,/blog,Finland,mobile,false,false,false
ss0413,2026-03-29,paid_search,spring_launch,/pricing,Finland,desktop,false,false,false
ss0436,2026-03-29,referral,,/,Sweden,desktop,true,true,false
ss0464,2026-03-29,organic,,/demo,Finland,desktop,false,false,false
ss0522,2026-03-29,paid_search,retargeting,/pricing,Finland,tablet,false,false,false
ss0554,2026-03-29,organic,,/,Finland,desktop,false,false,false
ss0005,2026-03-30,organic,,/blog,Germany,tablet,false,false,false
ss0035,2026-03-30,direct,,/demo,Finland,desktop,true,false,false
ss0077,2026-03-30,paid_search,brand_terms,/pricing,Finland,desktop,true,true,true
ss0139,2026-03-30,paid_search,brand_terms,/,Finland,desktop,false,false,false
ss0410,2026-03-30,paid_search,retargeting,/pricing,Finland,tablet,true,false,false
ss0499,2026-03-30,paid_search,retargeting,/pricing,Finland,tablet,false,false,false
ss0513,2026-03-30,direct,,/docs,Netherlands,desktop,false,false,false
ss0552,2026-03-30,referral,,/demo,Germany,mobile,true,true,true
ss0073,2026-03-31,referral,,/,Netherlands,desktop,false,false,false
ss0137,2026-03-31,direct,,/demo,Finland,mobile,false,false,false
ss0150,2026-03-31,paid_search,retargeting,/,Finland,mobile,false,false,false
ss0165,2026-03-31,social,spring_launch,/pricing,Sweden,desktop,true,true,false
ss0348,2026-03-31,referral,,/demo,Finland,mobile,true,false,false
ss0476,2026-03-31,paid_search,retargeting,/pricing,Finland,desktop,false,false,false
ss0490,2026-03-31,direct,,/docs,Finland,desktop,true,false,false
ss0506,2026-03-31,referral,,/demo,Finland,tablet,false,false,false
ss0399,2026-04-01,organic,,/,Finland,desktop,false,false,false
ss0022,2026-04-02,organic,,/,Finland,desktop,true,true,true
ss0084,2026-04-02,organic,,/,Finland,mobile,false,false,false
ss0112,2026-04-02,organic,,/demo,Finland,mobile,true,true,false
ss0352,2026-04-02,direct,,/blog,Finland,mobile,false,false,false
ss0516,2026-04-02,organic,,/docs,Germany,desktop,true,true,false
ss0204,2026-04-03,direct,,/pricing,Finland,mobile,false,false,false
ss0285,2026-04-03,paid_search,retargeting,/blog,Finland,mobile,false,false,false
ss0335,2026-04-03,paid_search,brand_terms,/pricing,Finland,desktop,true,false,false
ss0442,2026-04-03,social,spring_launch,/docs,Germany,tablet,false,false,false
ss0003,2026-04-04,social,spring_launch,/demo,Finland,mobile,false,false,false
ss0072,2026-04-04,paid_search,retargeting,/docs,Estonia,desktop,false,false,false
ss0286,2026-04-04,organic,,/,Finland,mobile,false,false,false
ss0518,2026-04-04,paid_search,spring_launch,/pricing,Netherlands,tablet,true,true,false
ss0114,2026-04-05,paid_search,brand_terms,/demo,Finland,mobile,false,false,false
ss0466,2026-04-05,social,spring_launch,/demo,Sweden,desktop,false,false,false
ss0528,2026-04-05,referral,,/demo,Sweden,desktop,true,true,true
ss0577,2026-04-05,referral,,/pricing,Finland,desktop,true,true,false
ss0262,2026-04-06,organic,,/pricing,Estonia,tablet,false,false,false
ss0292,2026-04-06,paid_search,brand_terms,/docs,Finland,mobile,true,false,false
ss0309,2026-04-06,organic,,/pricing,Germany,desktop,false,false,false
ss0492,2026-04-06,paid_search,spring_launch,/demo,Finland,mobile,true,false,false
ss0018,2026-04-07,organic,,/blog,Germany,desktop,false,false,false
ss0093,2026-04-07,organic,,/pricing,Finland,desktop,true,true,true
ss0214,2026-04-07,organic,,/demo,Finland,tablet,false,false,false
ss0301,2026-04-07,referral,,/pricing,Sweden,desktop,false,false,false
ss0440,2026-04-07,direct,,/pricing,Finland,tablet,true,true,false
ss0449,2026-04-07,paid_search,spring_launch,/docs,Sweden,desktop,true,false,false
ss0596,2026-04-07,direct,,/,Finland,mobile,false,false,false
ss0086,2026-04-08,organic,,/demo,Finland,desktop,true,true,false
ss0135,2026-04-08,organic,,/demo,Finland,desktop,true,false,false
ss0323,2026-04-08,organic,,/pricing,Germany,tablet,true,false,false
ss0496,2026-04-08,direct,,/docs,Finland,mobile,false,false,false
ss0089,2026-04-09,referral,,/demo,Sweden,desktop,true,true,true
ss0152,2026-04-09,direct,,/blog,Finland,mobile,false,false,false
ss0223,2026-04-09,organic,,/docs,Netherlands,tablet,false,false,false
ss0318,2026-04-09,direct,,/,Finland,desktop,false,false,false
ss0334,2026-04-09,social,retargeting,/blog,Finland,desktop,false,false,false
ss0355,2026-04-09,organic,,/docs,Finland,desktop,false,false,false
ss0369,2026-04-09,paid_search,brand_terms,/demo,Finland,desktop,false,false,false
ss0404,2026-04-09,organic,,/docs,Estonia,desktop,false,false,false
ss0302,2026-04-10,social,retargeting,/pricing,Germany,tablet,true,false,false
ss0010,2026-04-11,organic,,/pricing,Estonia,desktop,true,true,false
ss0216,2026-04-11,paid_search,brand_terms,/pricing,Finland,mobile,false,false,false
ss0282,2026-04-11,organic,,/docs,Germany,mobile,false,false,false
ss0290,2026-04-11,organic,,/docs,Finland,tablet,false,false,false
ss0311,2026-04-11,social,founder_thread,/,Finland,tablet,false,false,false
ss0405,2026-04-11,paid_search,brand_terms,/,Sweden,desktop,false,false,false
ss0411,2026-04-11,organic,,/blog,Germany,tablet,false,false,false
ss0431,2026-04-11,organic,,/pricing,Netherlands,desktop,false,false,false
ss0475,2026-04-11,social,spring_launch,/docs,Finland,desktop,false,false,false
ss0488,2026-04-11,direct,,/demo,Finland,mobile,false,false,false
ss0036,2026-04-12,organic,,/blog,Finland,desktop,false,false,false
ss0141,2026-04-12,paid_search,retargeting,/demo,Finland,desktop,true,false,false
ss0200,2026-04-12,paid_search,brand_terms,/blog,Germany,mobile,false,false,false
ss0219,2026-04-12,referral,,/docs,Finland,desktop,false,false,false
ss0274,2026-04-12,social,retargeting,/pricing,Netherlands,desktop,false,false,false
ss0351,2026-04-12,direct,,/demo,Estonia,mobile,true,false,false
ss0456,2026-04-12,referral,,/demo,Netherlands,mobile,true,true,false
ss0485,2026-04-12,direct,,/demo,Netherlands,mobile,false,false,false
ss0555,2026-04-12,paid_search,retargeting,/,Finland,desktop,false,false,false
ss0027,2026-04-13,paid_search,retargeting,/blog,Estonia,tablet,false,false,false
ss0107,2026-04-13,organic,,/,Sweden,tablet,false,false,false
ss0117,2026-04-13,social,founder_thread,/docs,Finland,desktop,false,false,false
ss0264,2026-04-13,paid_search,spring_launch,/pricing,Finland,tablet,true,true,false
ss0443,2026-04-13,direct,,/demo,Finland,tablet,true,false,false
ss0491,2026-04-13,organic,,/blog,Finland,mobile,true,false,false
ss0562,2026-04-13,organic,,/demo,Finland,mobile,true,false,false
ss0039,2026-04-14,referral,,/docs,Finland,desktop,true,true,false
ss0162,2026-04-14,referral,,/docs,Netherlands,tablet,false,false,false
ss0254,2026-04-14,organic,,/,Finland,mobile,false,false,false
ss0375,2026-04-14,referral,,/docs,Finland,desktop,false,false,false
ss0434,2026-04-14,organic,,/blog,Finland,mobile,false,false,false
ss0483,2026-04-14,organic,,/blog,Finland,desktop,false,false,false
ss0224,2026-04-15,organic,,/demo,Netherlands,mobile,false,false,false
ss0245,2026-04-15,paid_search,brand_terms,/,Estonia,desktop,false,false,false
ss0324,2026-04-15,paid_search,retargeting,/demo,Finland,mobile,false,false,false
ss0527,2026-04-15,paid_search,brand_terms,/docs,Netherlands,desktop,true,false,false
ss0088,2026-04-16,organic,,/docs,Sweden,mobile,false,false,false
ss0231,2026-04-16,social,founder_thread,/blog,Netherlands,mobile,false,false,false
ss0268,2026-04-16,direct,,/docs,Finland,tablet,false,false,false
ss0333,2026-04-16,paid_search,brand_terms,/pricing,Finland,mobile,true,true,true
ss0544,2026-04-16,referral,,/blog,Finland,tablet,false,false,false
ss0593,2026-04-16,social,retargeting,/,Germany,desktop,false,false,false
ss0549,2026-04-17,organic,,/blog,Finland,mobile,false,false,false
ss0553,2026-04-17,social,retargeting,/blog,Finland,tablet,false,false,false
ss0024,2026-04-18,paid_search,brand_terms,/blog,Netherlands,mobile,false,false,false
ss0374,2026-04-18,social,spring_launch,/pricing,Finland,desktop,true,false,false
ss0071,2026-04-19,direct,,/docs,Finland,desktop,false,false,false
ss0149,2026-04-19,paid_search,brand_terms,/docs,Finland,mobile,false,false,false
ss0366,2026-04-19,referral,,/pricing,Finland,mobile,true,false,false
ss0001,2026-04-20,referral,,/docs,Germany,mobile,false,false,false
ss0040,2026-04-20,paid_search,spring_launch,/docs,Finland,mobile,false,false,false
ss0079,2026-04-20,organic,,/demo,Netherlands,tablet,false,false,false
ss0098,2026-04-20,direct,,/docs,Finland,tablet,true,false,false
ss0157,2026-04-20,organic,,/pricing,Finland,desktop,false,false,false
ss0297,2026-04-20,direct,,/,Finland,desktop,true,true,false
ss0388,2026-04-20,social,founder_thread,/pricing,Finland,mobile,false,false,false
ss0545,2026-04-20,paid_search,spring_launch,/,Finland,desktop,false,false,false
ss0556,2026-04-20,organic,,/docs,Sweden,desktop,true,false,false
ss0574,2026-04-20,referral,,/,Finland,tablet,false,false,false
ss0132,2026-04-21,organic,,/pricing,Finland,desktop,true,true,false
ss0187,2026-04-21,referral,,/demo,Germany,desktop,true,false,false
ss0205,2026-04-21,organic,,/,Finland,mobile,true,false,false
ss0330,2026-04-21,referral,,/pricing,Estonia,mobile,true,true,true
ss0365,2026-04-21,organic,,/blog,Finland,mobile,true,false,false
ss0424,2026-04-21,direct,,/pricing,Finland,mobile,false,false,false
ss0439,2026-04-21,paid_search,spring_launch,/docs,Finland,desktop,true,false,false
ss0050,2026-04-22,organic,,/,Germany,tablet,true,true,false
ss0259,2026-04-22,paid_search,brand_terms,/docs,Finland,tablet,true,true,false
ss0457,2026-04-22,paid_search,brand_terms,/blog,Finland,tablet,false,false,false
ss0038,2026-04-23,referral,,/demo,Finland,mobile,true,true,true
ss0145,2026-04-23,referral,,/blog,Finland,mobile,true,false,false
ss0279,2026-04-23,referral,,/docs,Finland,mobile,false,false,false
ss0514,2026-04-23,organic,,/,Finland,mobile,true,false,false
ss0295,2026-04-24,direct,,/blog,Finland,desktop,false,false,false
ss0533,2026-04-24,paid_search,retargeting,/docs,Finland,desktop,true,true,true
ss0560,2026-04-24,paid_search,brand_terms,/blog,Netherlands,mobile,false,false,false
ss0012,2026-04-25,direct,,/demo,Estonia,mobile,true,false,false
ss0070,2026-04-25,social,spring_launch,/,Finland,mobile,false,false,false
ss0170,2026-04-25,paid_search,spring_launch,/blog,Sweden,mobile,true,true,false
ss0356,2026-04-25,social,spring_launch,/blog,Finland,mobile,false,false,false
ss0524,2026-04-25,organic,,/demo,Estonia,mobile,true,true,false
ss0572,2026-04-25,referral,,/docs,Netherlands,mobile,false,false,false
ss0121,2026-04-26,direct,,/,Germany,mobile,true,true,false
ss0512,2026-04-26,organic,,/docs,Germany,tablet,false,false,false
ss0080,2026-04-27,social,retargeting,/docs,Netherlands,desktop,false,false,false
ss0209,2026-04-27,referral,,/docs,Sweden,mobile,false,false,false
ss0230,2026-04-27,organic,,/pricing,Sweden,mobile,false,false,false
ss0325,2026-04-27,paid_search,retargeting,/,Finland,desktop,false,false,false
ss0458,2026-04-27,organic,,/demo,Finland,tablet,true,true,true
ss0564,2026-04-27,organic,,/,Finland,desktop,false,false,false
ss0566,2026-04-27,direct,,/,Finland,mobile,false,false,false
ss0032,2026-04-28,social,spring_launch,/blog,Estonia,desktop,false,false,false
ss0082,2026-04-28,social,spring_launch,/docs,Sweden,desktop,true,false,false
ss0255,2026-04-28,social,spring_launch,/demo,Netherlands,mobile,true,false,false
ss0481,2026-04-28,organic,,/blog,Sweden,tablet,false,false,false
ss0515,2026-04-28,referral,,/blog,Finland,mobile,true,false,false
ss0015,2026-04-29,organic,,/docs,Finland,tablet,true,false,false
ss0096,2026-04-29,referral,,/demo,Finland,mobile,false,false,false
ss0126,2026-04-29,direct,,/demo,Estonia,tablet,false,false,false
ss0270,2026-04-29,referral,,/demo,Sweden,desktop,true,false,false
ss0337,2026-04-29,paid_search,spring_launch,/blog,Sweden,desktop,false,false,false
ss0599,2026-04-29,paid_search,brand_terms,/demo,Sweden,desktop,true,false,false
ss0059,2026-04-30,paid_search,spring_launch,/,Finland,mobile,false,false,false
ss0181,2026-04-30,organic,,/pricing,Sweden,mobile,true,true,true
ss0327,2026-04-30,paid_search,brand_terms,/demo,Finland,mobile,false,false,false
ss0467,2026-04-30,referral,,/,Finland,mobile,false,false,false
ss0508,2026-04-30,social,spring_launch,/,Estonia,desktop,false,false,false
ss0526,2026-04-30,direct,,/docs,Finland,mobile,false,false,false
ss0095,2026-05-01,paid_search,spring_launch,/blog,Finland,desktop,false,false,false
ss0128,2026-05-01,direct,,/demo,Estonia,tablet,false,false,false
ss0191,2026-05-01,organic,,/blog,Finland,desktop,true,true,false
ss0083,2026-05-02,direct,,/pricing,Estonia,tablet,false,false,false
ss0193,2026-05-02,referral,,/blog,Netherlands,mobile,true,false,false
ss0271,2026-05-02,direct,,/blog,Finland,tablet,false,false,false
ss0370,2026-05-02,social,spring_launch,/blog,Finland,desktop,false,false,false
ss0542,2026-05-02,paid_search,brand_terms,/,Sweden,desktop,false,false,false
ss0563,2026-05-02,organic,,/demo,Estonia,desktop,true,false,false
ss0100,2026-05-03,paid_search,brand_terms,/,Finland,desktop,true,false,false
ss0299,2026-05-03,paid_search,brand_terms,/docs,Germany,mobile,true,false,false
ss0341,2026-05-03,organic,,/blog,Finland,mobile,true,false,false
ss0342,2026-05-03,paid_search,retargeting,/,Sweden,desktop,false,false,false
ss0353,2026-05-03,paid_search,brand_terms,/blog,Estonia,tablet,false,false,false
ss0473,2026-05-03,organic,,/,Sweden,desktop,true,true,true
ss0047,2026-05-04,referral,,/pricing,Finland,desktop,false,false,false
ss0166,2026-05-04,organic,,/blog,Finland,mobile,false,false,false
ss0425,2026-05-04,referral,,/,Finland,mobile,true,false,false
ss0028,2026-05-05,organic,,/docs,Finland,desktop,true,true,true
ss0130,2026-05-05,organic,,/blog,Netherlands,mobile,false,false,false
ss0140,2026-05-05,paid_search,retargeting,/pricing,Finland,desktop,true,true,false
ss0276,2026-05-05,direct,,/,Sweden,desktop,false,false,false
ss0362,2026-05-05,organic,,/pricing,Estonia,desktop,false,false,false
ss0517,2026-05-05,organic,,/,Germany,desktop,false,false,false
ss0561,2026-05-05,paid_search,brand_terms,/pricing,Finland,mobile,false,false,false
ss0581,2026-05-05,organic,,/docs,Estonia,mobile,true,false,false
ss0055,2026-05-06,paid_search,spring_launch,/demo,Sweden,mobile,false,false,false
ss0123,2026-05-06,referral,,/blog,Finland,mobile,false,false,false
ss0218,2026-05-06,paid_search,spring_launch,/demo,Finland,mobile,true,false,false
ss0331,2026-05-06,social,spring_launch,/demo,Finland,desktop,false,false,false
ss0025,2026-05-07,paid_search,brand_terms,/docs,Sweden,mobile,false,false,false
ss0206,2026-05-07,social,retargeting,/,Finland,desktop,false,false,false
ss0305,2026-05-07,organic,,/demo,Finland,desktop,false,false,false
ss0438,2026-05-07,organic,,/demo,Sweden,desktop,false,false,false
ss0486,2026-05-07,organic,,/docs,Finland,mobile,true,false,false
ss0580,2026-05-07,social,spring_launch,/,Finland,tablet,true,false,false
ss0065,2026-05-08,organic,,/blog,Germany,desktop,false,false,false
ss0273,2026-05-08,organic,,/,Estonia,tablet,false,false,false
ss0393,2026-05-08,direct,,/docs,Finland,desktop,false,false,false
ss0509,2026-05-08,referral,,/blog,Finland,desktop,false,false,false
ss0568,2026-05-08,direct,,/demo,Finland,desktop,false,false,false
ss0588,2026-05-08,referral,,/,Estonia,desktop,false,false,false
ss0248,2026-05-09,organic,,/,Finland,mobile,true,true,false
ss0250,2026-05-09,referral,,/pricing,Finland,mobile,false,false,false
ss0343,2026-05-09,organic,,/demo,Finland,tablet,false,false,false
ss0400,2026-05-09,social,founder_thread,/,Sweden,tablet,false,false,false
ss0498,2026-05-09,organic,,/docs,Germany,desktop,false,false,false
ss0109,2026-05-10,organic,,/docs,Finland,desktop,false,false,false
ss0284,2026-05-10,organic,,/blog,Finland,mobile,true,true,false
ss0395,2026-05-10,paid_search,retargeting,/pricing,Netherlands,desktop,true,false,false
ss0021,2026-05-11,social,spring_launch,/docs,Sweden,desktop,false,false,false
ss0125,2026-05-11,paid_search,spring_launch,/demo,Sweden,mobile,true,false,false
ss0269,2026-05-11,paid_search,retargeting,/,Finland,desktop,true,false,false
ss0336,2026-05-11,paid_search,brand_terms,/,Finland,tablet,false,false,false
ss0133,2026-05-13,paid_search,brand_terms,/pricing,Netherlands,mobile,true,false,false
ss0237,2026-05-13,organic,,/pricing,Finland,desktop,false,false,false
ss0428,2026-05-13,paid_search,spring_launch,/,Estonia,mobile,true,false,false
ss0477,2026-05-13,social,spring_launch,/demo,Finland,tablet,true,true,false
ss0048,2026-05-14,organic,,/pricing,Sweden,mobile,false,false,false
ss0146,2026-05-14,social,founder_thread,/blog,Estonia,tablet,true,true,false
ss0227,2026-05-14,referral,,/demo,Finland,desktop,false,false,false
ss0229,2026-05-14,organic,,/,Estonia,desktop,false,false,false
ss0412,2026-05-14,direct,,/blog,Finland,desktop,false,false,false
ss0158,2026-05-15,social,spring_launch,/blog,Netherlands,mobile,false,false,false
ss0163,2026-05-15,referral,,/pricing,Finland,mobile,true,true,false
ss0176,2026-05-15,organic,,/docs,Finland,tablet,false,false,false
ss0199,2026-05-15,direct,,/blog,Sweden,mobile,false,false,false
ss0357,2026-05-15,organic,,/blog,Estonia,tablet,false,false,false
ss0386,2026-05-15,paid_search,brand_terms,/docs,Finland,desktop,true,false,false
ss0504,2026-05-15,organic,,/,Finland,desktop,false,false,false
ss0546,2026-05-15,referral,,/docs,Finland,mobile,false,false,false
ss0585,2026-05-15,paid_search,brand_terms,/blog,Finland,desktop,false,false,false
ss0468,2026-05-16,social,retargeting,/demo,Estonia,mobile,false,false,false
ss0537,2026-05-16,paid_search,retargeting,/demo,Finland,desktop,true,true,false
ss0559,2026-05-16,direct,,/blog,Finland,desktop,true,false,false
ss0014,2026-05-17,referral,,/pricing,Finland,mobile,true,false,false
ss0045,2026-05-17,referral,,/docs,Germany,mobile,false,false,false
ss0056,2026-05-17,organic,,/docs,Finland,tablet,true,false,false
ss0155,2026-05-17,referral,,/,Estonia,desktop,false,false,false
ss0175,2026-05-17,social,founder_thread,/blog,Germany,mobile,false,false,false
ss0361,2026-05-17,paid_search,spring_launch,/pricing,Finland,mobile,true,false,false
ss0184,2026-05-18,direct,,/blog,Netherlands,desktop,false,false,false
ss0186,2026-05-18,direct,,/demo,Finland,mobile,false,false,false
ss0578,2026-05-18,social,spring_launch,/,Finland,mobile,false,false,false
ss0091,2026-05-19,organic,,/,Finland,tablet,true,true,false
ss0106,2026-05-19,organic,,/,Sweden,desktop,false,false,false
ss0172,2026-05-19,paid_search,spring_launch,/docs,Finland,mobile,true,false,false
ss0344,2026-05-19,social,spring_launch,/blog,Estonia,desktop,false,false,false
ss0394,2026-05-19,paid_search,retargeting,/,Estonia,desktop,false,false,false
ss0283,2026-05-20,paid_search,brand_terms,/pricing,Finland,mobile,false,false,false
ss0053,2026-05-21,paid_search,spring_launch,/demo,Finland,desktop,false,false,false
ss0075,2026-05-21,organic,,/demo,Finland,mobile,true,false,false
ss0131,2026-05-21,referral,,/pricing,Finland,mobile,true,false,false
ss0182,2026-05-21,organic,,/blog,Finland,tablet,false,false,false
ss0275,2026-05-21,social,retargeting,/docs,Finland,desktop,false,false,false
ss0289,2026-05-21,referral,,/demo,Finland,desktop,true,false,false
ss0306,2026-05-21,organic,,/,Sweden,desktop,true,true,true
ss0418,2026-05-21,paid_search,spring_launch,/pricing,Netherlands,desktop,false,false,false
ss0567,2026-05-21,social,retargeting,/blog,Finland,tablet,true,true,false
ss0041,2026-05-22,paid_search,retargeting,/,Finland,tablet,false,false,false
ss0208,2026-05-22,referral,,/,Germany,mobile,false,false,false
ss0381,2026-05-22,referral,,/blog,Finland,tablet,false,false,false
ss0002,2026-05-23,paid_search,brand_terms,/,Finland,tablet,false,false,false
ss0054,2026-05-23,direct,,/,Germany,tablet,false,false,false
ss0119,2026-05-23,referral,,/docs,Finland,tablet,false,false,false
ss0396,2026-05-23,paid_search,brand_terms,/docs,Germany,tablet,false,false,false
ss0469,2026-05-23,direct,,/,Finland,tablet,true,true,false
ss0501,2026-05-23,paid_search,spring_launch,/,Finland,desktop,false,false,false
ss0523,2026-05-23,direct,,/demo,Finland,mobile,false,false,false
ss0008,2026-05-24,direct,,/pricing,Netherlands,mobile,true,false,false
ss0122,2026-05-24,organic,,/pricing,Finland,desktop,false,false,false
ss0127,2026-05-24,paid_search,spring_launch,/demo,Finland,tablet,true,false,false
ss0247,2026-05-24,organic,,/blog,Finland,tablet,false,false,false
ss0256,2026-05-24,paid_search,brand_terms,/pricing,Finland,mobile,false,false,false
ss0265,2026-05-24,organic,,/demo,Finland,desktop,false,false,false
ss0482,2026-05-24,direct,,/demo,Sweden,mobile,true,false,false
ss0521,2026-05-24,direct,,/,Finland,mobile,false,false,false
ss0102,2026-05-25,social,founder_thread,/,Germany,desktop,true,false,false
ss0389,2026-05-25,organic,,/docs,Finland,desktop,true,false,false
ss0417,2026-05-25,paid_search,retargeting,/docs,Finland,desktop,false,false,false
ss0419,2026-05-25,organic,,/docs,Finland,desktop,true,true,false
ss0427,2026-05-25,social,spring_launch,/demo,Finland,desktop,false,false,false
ss0452,2026-05-25,organic,,/,Finland,desktop,false,false,false
ss0129,2026-05-26,direct,,/blog,Sweden,desktop,false,false,false
ss0281,2026-05-26,organic,,/blog,Finland,desktop,true,true,true
ss0435,2026-05-26,referral,,/,Estonia,mobile,false,false,false
ss0451,2026-05-26,social,founder_thread,/docs,Estonia,tablet,false,false,false
ss0543,2026-05-26,direct,,/,Finland,mobile,true,false,false
ss0052,2026-05-27,paid_search,brand_terms,/docs,Finland,mobile,true,false,false
ss0168,2026-05-27,social,retargeting,/demo,Finland,desktop,false,false,false
ss0185,2026-05-27,paid_search,retargeting,/pricing,Finland,mobile,true,true,false
ss0313,2026-05-27,social,spring_launch,/docs,Finland,tablet,false,false,false
ss0329,2026-05-27,social,spring_launch,/pricing,Finland,desktop,true,false,false
ss0373,2026-05-27,organic,,/demo,Sweden,desktop,true,true,false
ss0364,2026-05-28,organic,,/docs,Estonia,desktop,true,false,false
ss0383,2026-05-28,organic,,/blog,Finland,desktop,false,false,false
ss0406,2026-05-28,direct,,/demo,Finland,mobile,true,false,false
ss0441,2026-05-28,paid_search,spring_launch,/blog,Finland,desktop,false,false,false
ss0565,2026-05-28,social,founder_thread,/,Finland,mobile,false,false,false
ss0042,2026-05-29,paid_search,spring_launch,/demo,Finland,tablet,false,false,false
ss0403,2026-05-29,referral,,/,Netherlands,desktop,false,false,false
ss0420,2026-05-29,direct,,/pricing,Finland,desktop,true,true,true
ss0026,2026-05-30,direct,,/pricing,Finland,mobile,false,false,false
ss0198,2026-05-30,paid_search,brand_terms,/,Sweden,mobile,false,false,false
ss0221,2026-05-30,organic,,/demo,Germany,mobile,true,false,false
ss0258,2026-05-30,direct,,/blog,Finland,desktop,false,false,false
ss0447,2026-05-30,direct,,/,Finland,desktop,false,false,false
ss0063,2026-05-31,referral,,/,Finland,mobile,false,false,false
ss0076,2026-05-31,paid_search,brand_terms,/demo,Finland,mobile,true,false,false
ss0087,2026-05-31,organic,,/blog,Finland,tablet,false,false,false
ss0124,2026-05-31,direct,,/,Finland,mobile,false,false,false
ss0312,2026-06-01,paid_search,brand_terms,/pricing,Finland,desktop,true,false,false
ss0061,2026-06-02,direct,,/docs,Germany,desktop,true,true,false
ss0161,2026-06-02,paid_search,spring_launch,/pricing,Finland,tablet,true,false,false
ss0241,2026-06-02,organic,,/docs,Finland,desktop,false,false,false
ss0416,2026-06-02,paid_search,brand_terms,/docs,Finland,desktop,false,false,false
ss0033,2026-06-03,paid_search,spring_launch,/,Finland,desktop,false,false,false
ss0243,2026-06-03,organic,,/,Finland,desktop,false,false,false
ss0380,2026-06-03,organic,,/demo,Netherlands,tablet,true,true,false
ss0074,2026-06-04,paid_search,brand_terms,/pricing,Finland,desktop,false,false,false
ss0210,2026-06-04,paid_search,retargeting,/blog,Finland,desktop,false,false,false
ss0220,2026-06-04,direct,,/pricing,Sweden,tablet,false,false,false
ss0294,2026-06-05,referral,,/blog,Finland,desktop,false,false,false
ss0478,2026-06-05,referral,,/docs,Finland,desktop,false,false,false
ss0023,2026-06-06,direct,,/pricing,Finland,mobile,false,false,false
ss0320,2026-06-06,organic,,/docs,Sweden,desktop,true,true,true
ss0470,2026-06-06,paid_search,brand_terms,/docs,Netherlands,tablet,true,true,true
ss0534,2026-06-06,paid_search,brand_terms,/docs,Finland,desktop,false,false,false
ss0541,2026-06-06,organic,,/demo,Finland,tablet,true,true,true
ss0595,2026-06-06,organic,,/blog,Finland,mobile,false,false,false
ss0007,2026-06-07,paid_search,spring_launch,/docs,Finland,desktop,true,false,false
ss0064,2026-06-07,paid_search,brand_terms,/pricing,Finland,mobile,false,false,false
ss0349,2026-06-07,organic,,/demo,Netherlands,tablet,false,false,false
ss0367,2026-06-07,organic,,/blog,Netherlands,desktop,false,false,false
ss0414,2026-06-07,referral,,/,Netherlands,desktop,false,false,false
ss0426,2026-06-07,social,retargeting,/docs,Finland,tablet,false,false,false
ss0445,2026-06-07,paid_search,brand_terms,/pricing,Sweden,tablet,true,true,false
ss0519,2026-06-07,paid_search,brand_terms,/blog,Finland,desktop,false,false,false
ss0531,2026-06-07,social,retargeting,/demo,Finland,tablet,true,true,false
ss0532,2026-06-07,organic,,/blog,Sweden,mobile,false,false,false
ss0203,2026-06-08,direct,,/,Netherlands,mobile,true,false,false
ss0597,2026-06-08,referral,,/demo,Finland,mobile,true,true,false
ss0212,2026-06-09,referral,,/docs,Sweden,tablet,true,false,false
ss0277,2026-06-09,paid_search,retargeting,/,Germany,desktop,false,false,false
ss0359,2026-06-09,organic,,/,Finland,mobile,false,false,false
ss0465,2026-06-09,organic,,/docs,Finland,desktop,false,false,false
ss0495,2026-06-09,paid_search,brand_terms,/demo,Finland,desktop,true,true,false
ss0037,2026-06-10,direct,,/docs,Sweden,desktop,false,false,false
ss0057,2026-06-10,social,founder_thread,/,Netherlands,desktop,false,false,false
ss0111,2026-06-10,organic,,/,Finland,desktop,false,false,false
ss0173,2026-06-10,paid_search,retargeting,/,Finland,mobile,false,false,false
ss0246,2026-06-10,organic,,/,Finland,tablet,false,false,false
ss0338,2026-06-10,direct,,/demo,Sweden,tablet,false,false,false
ss0391,2026-06-10,organic,,/pricing,Finland,desktop,false,false,false
ss0288,2026-06-11,social,spring_launch,/pricing,Finland,mobile,true,false,false
ss0321,2026-06-11,organic,,/blog,Germany,desktop,false,false,false
ss0450,2026-06-11,organic,,/docs,Estonia,mobile,true,false,false
